"sku","brand","model","title"
"11158","Baselogic Bronze Q","Baselogic Bronze Q","Adjustable bed frame for queen bed. Bundles with bed for $299"
"11159","Serta","serta perfect sleeper blue lagoon nights firm queen","serta perfect sleeper blue lagoon nights firm queen"
"11165","Serta","Cali king exclusive","California king firm mattress"
"11166","Serta","Queen autumn plush",""
"11167","Beautyrest","Queen plush","Queen plush mattress"
"11168","Seward Rover","Suitcase with wheels","32 inch suitcase with wheels"
"11169","Home Depot","Bathroom mirror cabinet","Bathroom mirror cabinet"
"11170","Everbilt","Professional Convertible Jet Pump","Everbilt Professional Convertible Jet Pump"
"11171","Ridgid","1/3 hp stainless steel and cast iron sump pump","Everbilt 1/3 hp stainless steel and cast iron sump pump"
"11200","marvel","Fallen Angels issue #2","Comic #2"
"11213","hasboro star wars","star wars jedi spirits","Star wars The power of the force Jedi spirits"
"11216","Ban Dai action figure","mighty morphin power rangers trini yellow ranger","mighty morphin power rangers trini yellow ranger 1993' 8"" action figure"
"11217","hasbro","star wars Y-wing scout bomber","star wars y wing scout bomber"
"11218","hasbro","star wars Y-wing scout bomber","star wars y wing scout bomber"
"11219","ty","beanie babies reusable case","beanie babies reusable case official club"
"11220","ty","beanie babies ruesable case","beanie babies reusable case official club"
"11222","spin master","star wars box busters tusken raider attack & the battle of yavin","star wars box busters tusken raider attack & the battle of yavin"
"11223","hasbro","indiana jones action figure ","Indiani jones raiders of the lost ark action figure"
"11224","mattel hot wheels","hot wheels sojourner Mars rover","hot wheels sojourner mars rover"
"11225","jakks pacific","Brock lesnar WWE costume","Brock lesnar WWE halloween costume 4-6x"
"11226","Ban Dai","force impulse gundam","Gundam SEED Destiny Force Impulse Gundam Action Figure MSiA"
"11231","DC comics","20 DC comics collectors pack","20 dc comics collectors pack w/ poster inside"
"11232","score","score 1991 collector set","score 1991 collector set 900 player cards"
"11233","bowman","1989 baseball 484 picture cards ","Bowman 1989 complete set 484 picture baseball cards"
"11234","Bowman","bowman 1989 official complete set sealed","bowman 1989 official complete set"
"11235","topps","topps football cards","Topps 1990 football cards"
"11236","pokemon","pokemon booster pack mega evolution chaos rising","pokemon booster pack mega evolution chaos rising"
"11237","pokemon","pokemon booster pack mega evolution chaos rising","pokemon booster pack mega evolution chaos rising"
"11238","pokemon","pokemon booster pack mega evolution chaos rising","pokemon booster pack mega evolution chaos rising"
"11239","pokemon","pokemon booster pack mega evolution chaos rising","pokemon booster pack mega evolution chaos rising"
"11240","pokemon","chaos rising blister pack","Pokemon chaos rising blister pack"
"11241","pokemon","chaos rising blister pack","Pokemon chaos rising blister pack"
"11242","pokemon","tcg blister 3-pack","pokemon tcg blister 3-pack"
"11243","pokemon","tcg blister 3-pack","Pokemon tcg blister 3-pack"
"11244","pokemon","mega moonlit tin sealed","Pokemon mega moonlit tin"
"11245","pokemon","mega moonlit tin sealed","Pokemon mega moonlit tin"
"11246","panini","prestige 2023 blaster pack","Panini prestige 2023 blaster pack"
"11249","the sporting news","1991 the sporting news conlon collection","1991 the sporting news conlon collection sealed"
"11250","panini","2023-24 panini nba hoops winter blaster box","2023-24 panini nba hoops winter blaster box"
"11251","hasbro","optimus prime and bumblebee 2-pack","Transformers optimus prime and bumblebee 2 pack"
"11252","hasbro","star wars rogue one tie fighter ","star wars rogue one tie fighter"
"11253","hasbro","star wars assult walker","star wars force awakens assult walker"
"11254","hasbro","star wars assult walker ","star wars the force awakens assult walker"
"11255","Ban Dai","karate kickin kimberly power rangers","power rangers karate action "
"11256","hasbro","star wars episode 1 naboo fighter","star wars electronic naboo fighter"
"11257","hasbro","star wars command epic assult ","star wars rebel command epic assult"
"11258","hasbro","star wars moroff and scarif stormtrooper sqaud leader ","star wars moroff and scarif stormtrooper sqaud leader "
"11259","hasbro","star wars rogue one","star wars rogue one Jedha revolt"
"11260","hasbro","star wars rebels y wing scout bomber","star wars rebels y wing scout bomber"
"11264","pokemon/burger king","pokemon/burger king PokeTrivia sheet #8","pokemon/burger king PokeTrivia sheet #8"
"11265","pokemon/burger king","pokemon/burger king PokeTrivia sheet #18","pokemon/burger king PokeTrivia sheet #18"
"11266","pokemon/burger king","pokemon/burger king PokeTrivia sheet #14","pokemon/burger king PokeTrivia sheet #14"
"11267","Sky king","Air flow collectible reproduction",""
"11268","pokemon/burger king","pokemon/burger king PokeTrivia sheet #9","pokemon/burger king PokeTrivia sheet #9"
"11269","pokemon/burger king","pokemon/burger king PokeTrivia sheet #16","pokemon/burger king PokeTrivia sheet #16"
"11270","pokemon/burger king","pokemon/burger king PokeTrivia sheet #10","pokemon/burger king PokeTrivia sheet #10"
"11271","Signed shirt","Andre Agassi signed sweater framed",""
"11272","Signed shirt","Brett Favre sign tank top framed",""
"11273","Signed jersey","Dan majerle signed suns jersey framed",""
"11274","Signed jersey","Pete sampras signed polo framed",""
"11275","toy biz","red ranger thunder bike radio control","mighty morphin power rangers red ranger thunder bike"
"11276","topps","topps stadium club 1991 special stadium set","topps stadium club 1991 special stadium set"
"11277","warner bros records","bill cosby is a very funny fellow right! Vinyl","warner bros records bill cosby is a very funny fellow right!"
"11278","warner bros records","i started out as a child bill cosby vinyl","i started out as a child bill cosby "
"11279","columbia LP","the fabulous johnny cash lp vinyl","the fabulous johnny cash lp vinyl"
"11280","wallis original records","hot songs for cool knights vinyl record","Ruth Wallis hot songs for cool knights vinyl record"
"11281","cadence records","the first family vinyl record","the first family vinyl record"
"11282","scotti brothers","the dukes of hazzard vinyl record","the dukes of hazzard vinyl record"
"11283","columbia special products","great songs of christmas album 8 vinyl ","great songs of christmas album 8 vinyl "
"11285","gemeinhardt","gemeinhardt m-1 flute","gemeinhardt m-1 flute"
"11286","crown records","joy to the world vinyl record","joy to the world vinyl record"
"11287","Bing Crosby vinyls","Bing Crosby in an album of cowboy songs vinyls",""
"11288","Glenn miller vinyls","Glenn miller and his orchestra limited edition vinyl set",""
"11289","dot records","pat boone white christmas vinyl records","pat boone white christmas vinyl records"
"11291","columbia records","holiday sing a long with mitch vinyl records","holiday sing a long with mitch vinyl records"
"11292","dot records","silent night by lawrence welk vinyl record","silent night by lawrence welk vinyl record"
"11293","atco records","rockin together vinyl record","rockin together vinyl record"
"11294","design records","where the action is vinyl record","where the action is vinyl record"
"11295","design records","jan & dean & the satellites vinyl record","jan & dean & the satellites vinyl record"
"11309","cuisinart","cuisinart custom select 2-slice toaster","cuisinart custom select 2-slice toaster"
"11312","arctic zone","arctic zone titan pro lunch box","arctic zone titan pro lunch box"
"11313","arctic zone","arctic zone titan pro lunch box","arctic zone titan pro lunch box"
"11314","Gourmia","8 qt air fryer",""
"11315","Gourmia","Air fryer 8 qt",""
"11316","Dash","Family size skillet with tempature control",""
"11320","Cuisinart","Single cup hot and cold pod coffee machine",""
"11321","Ninja","Crispy dual zone 2 basket air fryer",""
"11322","Nuwave","Curved induction cooktop hot wok",""
"11324","mineral spring ","tahara accent rug","tahara accent rug"
"11325","Cuisinart","Brew control",""
"11326","Bella","Griddle 12x24",""
"11327","Midea","Ice maker 1.3l",""
"11328","ken runner ","ken runner 2'x5' rug","ken runner 2'x5' rug"
"11329","gertmenian ","kensington multi-purpose runner rug","kensington multi-purpose runner rug"
"11330","Kohler","kohler haku semi pro pull down faucet stainless steel","kohler haku semi pro pull down faucet stainless steel"
"11331","glenhaven runner","glenhaven runner rug 2'6""x7'3""","glenhaven runner rug 2'6""x7'3"""
"11332","glenhaven runner","glenhaven runner rug 2'6""x7'3""","glenhaven runner rug 2'6""x7'3"""
"11333","mineral spring ","tahara accent rug 30""x46""","tahara accent rug 30""x46"""
"11334","Kohler","Kohler","kohler orime flare 3 light sconce"
"11335","Kohler","Pull down kitchen faucet stainless steel",""
"11336","Kohler","Pull down kitchen faucet gold",""
"11337","Bella","Griddle 12x24",""
"11338","Cuisinart","single cup hot and cold brew coffee maker",""
"11339","","RBT","Decanter with coaster"
"11340","Wagner","Flexio 2500 kit",""
"11342","glenhaven runner","glenhaven runner rug 2'6""x7'3""","glenhaven runner rug 2'6""x7'3"""
"11343","Costco","Soup and bowl sandwhich plate set",""
"11344","Cuisinart","14 cup programmable coffee maker",""
"11345","Tiger","Rice cooker 10 settings",""
"11347","Dash","Family size skillet with temp control",""
