"sku","brand","name","status","review_candidates"
"11137","Hisense","Hisense EFU14N6AWE freezer","no_match","0"
"11158","Baselogic Bronze Q","Adjustable bed frame for queen bed. Bundles with bed for $299","no_match","0"
"11159","Serta","serta perfect sleeper blue lagoon nights firm queen","review","2"
"11164","Kutano","Commercial deep fryer","no_match","0"
"11165","Serta","California king firm mattress","review","2"
"11166","Serta","Queen autumn plush","review","2"
"11167","Beautyrest","Queen plush mattress","review","2"
"11168","Seward Rover","32 inch suitcase with wheels","no_match","0"
"11169","Home Depot","Bathroom mirror cabinet","review","1"
"11170","Everbilt","Everbilt Professional Convertible Jet Pump","review","2"
"11171","Ridgid","Everbilt 1/3 hp stainless steel and cast iron sump pump","review","2"
"11200","marvel","Comic #2","no_match","0"
"11213","hasboro star wars","Star wars The power of the force Jedi spirits","no_match","0"
"11216","Ban Dai action figure","mighty morphin power rangers trini yellow ranger 1993' 8"" action figure","no_match","0"
"11217","hasbro","star wars y wing scout bomber","review","1"
"11218","hasbro","star wars y wing scout bomber","review","1"
"11219","ty","beanie babies reusable case official club","no_match","0"
"11220","ty","beanie babies reusable case official club","no_match","0"
"11222","spin master","star wars box busters tusken raider attack & the battle of yavin","no_match","0"
"11223","hasbro","Indiani jones raiders of the lost ark action figure","review","2"
"11224","mattel hot wheels","hot wheels sojourner mars rover","no_match","0"
"11225","jakks pacific","Brock lesnar WWE halloween costume 4-6x","no_match","0"
"11226","Ban Dai","Gundam SEED Destiny Force Impulse Gundam Action Figure MSiA","no_match","0"
"11231","DC comics","20 dc comics collectors pack w/ poster inside","no_match","0"
"11232","score","score 1991 collector set 900 player cards","no_match","0"
"11233","bowman","Bowman 1989 complete set 484 picture baseball cards","review","2"
"11234","Bowman","bowman 1989 official complete set","no_match","0"
"11235","topps","Topps 1990 football cards","review","2"
"11236","pokemon","pokemon booster pack mega evolution chaos rising","review","2"
"11237","pokemon","pokemon booster pack mega evolution chaos rising","review","2"
"11238","pokemon","pokemon booster pack mega evolution chaos rising","review","2"
"11239","pokemon","pokemon booster pack mega evolution chaos rising","review","2"
"11240","pokemon","Pokemon chaos rising blister pack","review","2"
"11241","pokemon","Pokemon chaos rising blister pack","review","2"
"11242","pokemon","pokemon tcg blister 3-pack","review","2"
"11243","pokemon","Pokemon tcg blister 3-pack","review","2"
"11244","pokemon","Pokemon mega moonlit tin","review","2"
"11245","pokemon","Pokemon mega moonlit tin","review","2"
"11246","panini","Panini prestige 2023 blaster pack","matched","0"
"11249","the sporting news","1991 the sporting news conlon collection sealed","no_match","0"
"11250","panini","2023-24 panini nba hoops winter blaster box","review","2"
"11251","hasbro","Transformers optimus prime and bumblebee 2 pack","no_match","0"
"11252","hasbro","star wars rogue one tie fighter","no_match","0"
"11253","hasbro","star wars force awakens assult walker","no_match","0"
"11254","hasbro","star wars the force awakens assult walker","no_match","0"
"11255","Ban Dai","power rangers karate action ","no_match","0"
"11256","hasbro","star wars electronic naboo fighter","no_match","0"
"11257","hasbro","star wars rebel command epic assult","no_match","0"
"11258","hasbro","star wars moroff and scarif stormtrooper sqaud leader ","no_match","0"
"11259","hasbro","star wars rogue one Jedha revolt","review","1"
"11260","hasbro","star wars rebels y wing scout bomber","review","2"
"11264","pokemon/burger king","pokemon/burger king PokeTrivia sheet #8","no_match","0"
"11265","pokemon/burger king","pokemon/burger king PokeTrivia sheet #18","no_match","0"
"11266","pokemon/burger king","pokemon/burger king PokeTrivia sheet #14","no_match","0"
"11267","Sky king","Air flow collectible reproduction","no_match","0"
"11268","pokemon/burger king","pokemon/burger king PokeTrivia sheet #9","no_match","0"
"11269","pokemon/burger king","pokemon/burger king PokeTrivia sheet #16","no_match","0"
"11270","pokemon/burger king","pokemon/burger king PokeTrivia sheet #10","no_match","0"
"11271","Signed shirt","Andre Agassi signed sweater framed","no_match","0"
"11272","Signed shirt","Brett Favre sign tank top framed","no_match","0"
"11273","Signed jersey","Dan majerle signed suns jersey framed","no_match","0"
"11274","Signed jersey","Pete sampras signed polo framed","no_match","0"
"11275","toy biz","mighty morphin power rangers red ranger thunder bike","no_match","0"
"11276","topps","topps stadium club 1991 special stadium set","no_match","0"
"11277","warner bros records","warner bros records bill cosby is a very funny fellow right!","no_match","0"
"11278","warner bros records","i started out as a child bill cosby ","no_match","0"
"11279","columbia LP","the fabulous johnny cash lp vinyl","no_match","0"
"11280","wallis original records","Ruth Wallis hot songs for cool knights vinyl record","no_match","0"
"11281","cadence records","the first family vinyl record","no_match","0"
"11282","scotti brothers","the dukes of hazzard vinyl record","no_match","0"
"11283","columbia special products","great songs of christmas album 8 vinyl ","no_match","0"
"11285","gemeinhardt","gemeinhardt m-1 flute","review","1"
"11286","crown records","joy to the world vinyl record","no_match","0"
"11287","Bing Crosby vinyls","Bing Crosby in an album of cowboy songs vinyls","no_match","0"
"11288","Glenn miller vinyls","Glenn miller and his orchestra limited edition vinyl set","review","1"
"11289","dot records","pat boone white christmas vinyl records","no_match","0"
"11291","columbia records","holiday sing a long with mitch vinyl records","no_match","0"
"11292","dot records","silent night by lawrence welk vinyl record","no_match","0"
"11293","atco records","rockin together vinyl record","no_match","0"
"11294","design records","where the action is vinyl record","no_match","0"
"11295","design records","jan & dean & the satellites vinyl record","no_match","0"
"11309","cuisinart","cuisinart custom select 2-slice toaster","matched","0"
"11312","arctic zone","arctic zone titan pro lunch box","matched","0"
"11313","arctic zone","arctic zone titan pro lunch box","matched","0"
"11314","Gourmia","8 qt air fryer","review","2"
"11315","Gourmia","Air fryer 8 qt","review","2"
"11316","Dash","Family size skillet with tempature control","no_match","0"
"11320","Cuisinart","Single cup hot and cold pod coffee machine","no_match","0"
"11321","Ninja","Crispy dual zone 2 basket air fryer","review","1"
"11322","Nuwave","Curved induction cooktop hot wok","no_match","0"
"11323","Food saver vacuum sealing system","Unnamed unit","review","2"
"11324","mineral spring ","tahara accent rug","no_match","0"
"11325","Cuisinart","Brew control","no_match","0"
"11326","Bella","Griddle 12x24","no_match","0"
"11327","Midea","Ice maker 1.3l","review","2"
"11328","ken runner ","ken runner 2'x5' rug","review","2"
"11329","gertmenian ","kensington multi-purpose runner rug","no_match","0"
"11330","Kohler","kohler haku semi pro pull down faucet stainless steel","review","1"
"11331","glenhaven runner","glenhaven runner rug 2'6""x7'3""","review","2"
"11332","glenhaven runner","glenhaven runner rug 2'6""x7'3""","review","2"
"11333","mineral spring ","tahara accent rug 30""x46""","no_match","0"
"11334","Kohler","kohler orime flare 3 light sconce","review","2"
"11335","Kohler","Pull down kitchen faucet stainless steel","review","2"
"11336","Kohler","Pull down kitchen faucet gold","review","2"
"11337","Bella","Griddle 12x24","no_match","0"
"11338","Cuisinart","single cup hot and cold brew coffee maker","review","2"
"11339","","Decanter with coaster","matched","0"
"11340","Wagner","Flexio 2500 kit","matched","0"
"11343","Costco","Soup and bowl sandwhich plate set","review","2"
"11344","Cuisinart","14 cup programmable coffee maker","matched","0"
"11345","Tiger","Rice cooker 10 settings","review","2"
"11347","Dash","Family size skillet with temp control","no_match","0"
"11374","Cuisinart","Rotating Belgian waffle maker","review","2"
"11375","Phillips","Recessed lights","no_match","0"
"11376","Jolie","The filtered showerhead annual pack","no_match","0"
"11377","Jolie","The filtered showerhead annual pack","no_match","0"
"11378","Elements","Bug repelling fans 2 pack","review","2"
"11379","Elements","Rustic hand crafted ceramic vase","no_match","0"
"11380","Kohler","2 pack stainless steel 6L trash cans","matched","0"
"11383","Homedics","Shiatsu plus air foot massager","review","2"
"11385","Cuisinart","Griddler five","matched","0"
"11387","Epson","Et 3958 printer","matched","0"
"11389","Owala","2 pack 20 oz cups","review","1"
"11390","Heat pro","Hand warmers 40 pack","review","2"
"11391","Conair","Turbo extremesteam","review","2"
"11392","Conair","Turbo extremesteam","review","2"
"11393","Conair","Turbo extremesteam with gentle temp","no_match","0"
"11394","Conair","Extremesteam garment steamer","review","2"
"11395","Conair","Extreme steam garment steamer","review","2"
"11396","Rowents","Iron/steamer","no_match","0"
"11397","Rowant","Iron steamer","no_match","0"
"11398","Lasko","Super fan max","review","2"
"11399","Lasko","Super fan max","review","2"
"11400","Lasko","Super fan max","review","2"
"11401","Tiger","Rice maker","no_match","0"
"11402","Mesa","2 tier black organizer","review","2"
"11403","Gourmia","7qt digital air fryer","review","2"
"11404","Gourmia","Extra large countertop oven with air fryer","review","1"
"11405","Gourmia","Countertop oven with air fryer","review","2"
"11406","Pyrex","Glass mixing bowls","review","2"
"11407","Brio","740i ice maker","matched","0"
"11408","Bella","Griddle 12x22","review","1"
"11409","Brio","740i","matched","0"
"11410","Cuisinart","10 in 1 air fryer extra large","matched","0"
"11411","Infiniti pro","Ionic ceramic dryer","review","2"
"11412","Cat","Construction toy set","review","2"
